0_nom_desc_zone ou se produit_état(0-question,1-dilemme,2-boss)_etatID(0 si aucun)
1_grotte a luciole_Vous trouvez une grotte éclairée par une centaine de lucioles, dans laquelle vous pénétrez. Dans cette grotte, vous rencontrez par le plus grand des hasards la reine des fées. Celle-ci s’amuse de vous et vous dit : "Vous avez l’air d’être un aventurier comme les autres ; cependant, je me dois de vous laisser une chance. Si vous répondez à mon énigme, je vous laisserai partir, mais si vous n’y parvenez pas, vous devrez rebrousser chemin. ":_dans une grotte_0_0
2_stonehenge_À l’approche de la forêt abyssale, un Stonehenge se dresse face à vous. En arrivant en son centre, une barrière s’élève autour du lieu et un ancien esprit vous adresse la parole : "Si vous comptez profaner ce lieu, vous serez enfermé dans la prison des tréants abyssaux. Mais si vous êtes prêt à répondre à mon énigme, je vous laisserai terminer votre quête.":_dans une foret_1_1
3_front déchu_Vous arrivez sur le champ de bataille désolé par la guerre de Termina. Sans vous en rendre compte, vous entrez dans une boucle temporelle qui vous fait revivre encore et encore le même jour. Le seul moyen de vous en sortir est de répondre à l’énigme suivante :_sur un champ de bataille_0_0
4_combat boss Ørin_En vous enfonçant trop profondément dans la montagne, le territoire de l’Ørin apparaît face à vous. Un panneau vous arrête, sur lequel est inscrit un avertissement : "Résolvez cette énigme ou renoncez à fouler ces terres.":_sur le territoire de l'Ørin_2_1
5_chapelle d'Arî-il_Cachée dans des terres déchues, la chapelle de Miquella se dresse face à vous. Un moine de la religion de l’Elden vous met en garde : "Si vous comptez aller au-delà de cette chapelle, il vous faudra la bénédiction de Miquella. Je vous l’accorderai si vous êtes capable de répondre à mon énigme.":_dans une chapelle_0_0
6_Désert de Radhan_Vous arrivez sur un cimetière de guerre situé dans le désert glacé de Radahn. Sur l’une des épées, qui commence à rassembler de la magie, vous pouvez lire l’inscription suivante : "La malédiction de l’épée s’abattra sur vous si vous n’êtes pas capable de répondre à l’énigme suivante.":_sur la montagne gelée_0_0
7_Sanctuaire de la reine des glaces_Vous vous aventurez sur la montagne gelée lorsque vous apercevez une bâtisse faite entièrement de glace. Celle-ci est ornée de statues de glace rappelant les dieux de votre monde. Lorsque vous poussez l’énorme porte de cette bâtisse, vous découvrez, sans en croire vos yeux, la reine des glaces, trônant sur son siège. D’un ton gracieux, elle vous dit : "Bienvenue, étranger. Si vous savez me divertir en répondant à une simple question, je vous accorderai le droit de passage dans mon royaume ; sinon, mes gardes vous chasseront.":_sur la montagne gelée_0_0
8_chapelle de miquella_Vous vous promenez dans la chapelle de Miquella lorsque vous apercevez un moine de la religion de l’Elden en train de cuisiner. Celui-ci vous voit et vous dit : "Si vous pouviez m’aider à préparer ces victuailles en répondant à ma réflexion, je pourrais vous accorder la bénédiction de Miquella.":_dans une chapelle_0_0
9_grotte dodongo_Vous dénichez une grotte au sommet d’un volcan. Lorsque vous y entrez, une violente bouffée de chaleur vous force à faire demi-tour. En ressortant, un être que vous n’avez jamais vu se présente à vous : "Je suis Darunia, chef des Gorons. Si tu comptes traverser cette grotte, il va te falloir une tunique spéciale. Je peux te la fournir en échange, réponds à mon énigme.":_dans une grotte_0_0
10_front sanglant_Vous arrivez au centre d’un hameau où vous apercevez des monts de cadavres ensanglantés, vous donnant la nausée. Dans un lourd silence, vous remarquez un soldat gravement blessé. Vous vous précipitez à son chevet lorsqu’il vous dit en chuchotant : "Ne faites pas le moindre bruit, messire, il pourrait vous entendre. Je ne peux répondre à vos questions, mon heure sera bientôt venue. Si vous pouviez répondre à ma question, je vous donnerais un parchemin d’invisibilité afin de pouvoir quitter ce village sans risque":_sur un champ de bataille_0_0
11_forêt des séquoias écarlates_Vous arrivez dans une forêt mystérieuse où tous les arbres se caractérisent par des feuilles totalement écarlates et un tronc blanc comme neige. Parmi ces grands arbres, vous parvenez jusqu’à une dryade se reposant sur une souche, qui vous adresse la parole : " Je vous plains, messire. À un si jeune âge, se retrouver perdu dans la forêt des séquoias écarlates… Cependant, vous êtes chanceux de tomber sur moi. Si vous possédez la sagesse requise pour répondre à ma question, je vous aiderai à sortir d’ici.":_dans une foret_0_0
12_Nid de l'Ørin_Vous entrez dans un nid géant sur votre chemin, où vous pouvez apercevoir plusieurs carcasses, le plus souvent humaines, dont l’une tient quelque chose dans ses mains. En le prenant, vous distinguez un parchemin sur lequel est écrit, à l’encre écarlate : "Si vous trouvez ce parchemin, c’est que vous êtes peut-être condamné, comme je le suis en écrivant ces lignes. Si vous espérez sortir d’ici vivant, répondez à l’énigme au dos de mon message. Pour ceux qui viendront après, Gustave.":_sur le territoire de l'Ørin_0_0

